year,valid_frac_bin,n_cells,share
2021,0.75-0.90,39957,0.9810936233947996
2020,0.75-0.90,39833,0.9780489601492867
2020,0.50-0.75,375,0.009207650944091143
2021,0.50-0.75,297,0.0072924595477201854
2020,0.25-0.50,279,0.006850492302403811
2021,0.25-0.50,247,0.0060647727551747
2020,0-0.25,238,0.005843789132516513
2021,0-0.25,224,0.0055000368306037765
2020,0.90-1.00,2,4.910747170181943e-05
2021,0.90-1.00,2,4.910747170181943e-05
